City_ID,City,Country,Date,Lat,Lng,Max Temp,Humidity,Cloudiness,Wind Speed
0,Mataura,NZ,2021-04-15 19:08:35,-46.1927,168.8643,50.0,95,48,3.0
1,Butaritari,KI,2021-04-15 19:11:19,3.0707,172.7902,82.08,74,100,10.33
2,Ushuaia,AR,2021-04-15 19:10:14,-54.8,-68.3,53.6,32,20,5.75
3,Hermanus,ZA,2021-04-15 19:11:19,-34.4187,19.2345,66.0,74,15,7.0
4,Kribi,CM,2021-04-15 19:11:19,2.95,9.9167,81.07,81,78,7.52
5,Lakes Entrance,AU,2021-04-15 19:11:20,-37.8811,147.981,51.01,90,47,14.54
6,Chuy,UY,2021-04-15 19:08:37,-33.6971,-53.4616,69.24,85,100,4.79
7,Spremberg,DE,2021-04-15 19:11:21,51.5697,14.3736,36.0,84,100,3.0
8,Sioux Lookout,CA,2021-04-15 19:11:21,50.1001,-91.917,39.2,56,20,9.22
9,Laguna,US,2021-04-15 19:11:21,38.421,-121.4238,70.0,39,1,5.75
10,Palmer,US,2021-04-15 19:11:22,42.1584,-72.3287,48.2,93,90,10.36
11,Longyearbyen,SJ,2021-04-15 19:09:01,78.2186,15.6401,23.0,68,75,14.97
12,Saskylakh,RU,2021-04-15 19:11:22,71.9167,114.0833,-13.31,99,98,5.77
13,Meadow Lake,US,2021-04-15 19:11:22,34.8014,-106.5436,75.0,13,20,12.66
14,Kosice,SK,2021-04-15 19:09:44,48.6667,21.3333,39.0,93,90,2.3
15,Saint George,US,2021-04-15 19:09:38,37.1041,-113.5841,66.0,16,20,19.57
16,Jamkhed,IN,2021-04-15 19:11:23,18.7362,75.3121,83.62,27,0,15.39
17,Ribeira Grande,PT,2021-04-15 19:11:23,38.5167,-28.7,64.4,82,75,8.05
18,Puerto Ayora,EC,2021-04-15 19:11:11,-0.7393,-90.3518,81.0,89,75,8.05
19,Provideniya,RU,2021-04-15 19:08:40,64.3833,-173.3,14.88,89,100,5.39
20,Mahebourg,MU,2021-04-15 19:11:24,-20.4081,57.7,77.0,88,75,5.75
21,Mar Del Plata,AR,2021-04-15 19:11:24,-38.0023,-57.5575,75.2,57,40,12.66
22,Samarai,PG,2021-04-15 19:11:24,-10.6167,150.6667,79.74,81,99,2.15
23,Lagoa,PT,2021-04-15 19:11:25,39.05,-27.9833,62.85,79,42,4.99
24,Talnakh,RU,2021-04-15 19:07:05,69.4865,88.3972,-4.45,92,100,21.68
25,Waipawa,NZ,2021-04-15 19:10:15,-41.4122,175.5153,60.8,72,1,13.8
26,Rikitea,PF,2021-04-15 19:11:09,-23.1203,-134.9692,77.86,74,58,7.63
27,Fortuna,US,2021-04-15 19:11:26,40.5982,-124.1573,63.0,58,1,8.05
28,East London,ZA,2021-04-15 19:08:08,-33.0153,27.9116,64.4,88,75,17.27
29,Arraial Do Cabo,BR,2021-04-15 19:08:43,-22.9661,-42.0278,80.6,65,20,11.5
30,Kudahuvadhoo,MV,2021-04-15 19:10:21,2.6708,72.8944,82.89,67,36,7.81
31,Albany,US,2021-04-15 19:11:26,42.6001,-73.9662,54.0,74,100,6.71
32,Luderitz,NA,2021-04-15 19:11:27,-26.6481,15.1594,76.37,34,27,7.56
33,Isangel,VU,2021-04-15 19:11:09,-19.55,169.2667,77.83,87,9,5.73
34,Pemberton,CA,2021-04-15 19:10:00,50.3164,-122.8027,59.0,33,1,2.3
35,Boyolangu,ID,2021-04-15 19:11:27,-8.1181,111.8935,74.35,90,87,0.74
36,Busselton,AU,2021-04-15 19:11:28,-33.65,115.3333,57.0,94,40,8.66
37,Port Lincoln,AU,2021-04-15 19:11:28,-34.7333,135.8667,58.26,83,8,5.61
38,The Valley,AI,2021-04-15 19:11:28,18.217,-63.0578,84.2,57,20,10.36
39,Tuktoyaktuk,CA,2021-04-15 19:11:16,69.4541,-133.0374,19.4,93,90,16.11
40,Eyl,SO,2021-04-15 19:11:29,7.9803,49.8164,81.16,74,33,10.31
41,Bubaque,GW,2021-04-15 19:11:29,11.2833,-15.8333,77.7,73,22,16.04
42,Port Blair,IN,2021-04-15 19:11:29,11.6667,92.75,82.38,74,99,4.63
43,Kodiak,US,2021-04-15 19:11:10,57.79,-152.4072,37.4,87,90,8.05
44,Port Alfred,ZA,2021-04-15 19:11:30,-33.5906,26.891,67.8,63,100,25.5
45,Kirakira,SB,2021-04-15 19:10:19,-10.4544,161.9205,79.11,85,56,4.68
46,Hilo,US,2021-04-15 19:11:30,19.7297,-155.09,73.4,68,90,4.61
47,Grand Gaube,MU,2021-04-15 19:11:00,-20.0064,57.6608,78.01,87,73,5.99
48,Upernavik,GL,2021-04-15 19:11:31,72.7868,-56.1549,-3.51,83,100,1.48
49,Punta Arenas,CL,2021-04-15 19:07:44,-53.15,-70.9167,53.6,62,75,14.97
50,New Norfolk,AU,2021-04-15 19:11:32,-42.7826,147.0587,43.0,83,66,3.53
51,Kaitangata,NZ,2021-04-15 19:11:32,-46.2817,169.8464,46.71,92,43,4.63
52,Cape Town,ZA,2021-04-15 19:06:40,-33.9258,18.4232,68.0,73,0,19.57
53,Matara,LK,2021-04-15 19:11:32,5.9485,80.5353,78.19,85,96,4.32
54,Podu Iloaiei,RO,2021-04-15 19:11:33,47.2167,27.2667,42.8,87,40,9.22
55,Fengzhen,CN,2021-04-15 19:11:33,40.4394,113.1536,32.54,30,2,7.31
56,Shanhetun,CN,2021-04-15 19:11:33,44.7,127.2,48.85,28,100,12.97
57,Dakar,SN,2021-04-15 19:11:34,14.6937,-17.4441,68.0,94,0,11.5
58,Barrow,US,2021-04-15 19:09:18,71.2906,-156.7887,10.4,79,1,6.91
59,Pointe Michel,DM,2021-04-15 19:11:34,15.25,-61.3833,86.0,79,75,4.61
60,Victoria,HK,2021-04-15 19:11:24,22.2855,114.1577,73.99,93,100,1.99
61,Santa Cruz,BO,2021-04-15 19:11:35,-17.8,-63.1667,88.84,40,56,13.18
62,Narsaq,GL,2021-04-15 19:11:35,60.9167,-46.05,35.6,44,75,14.97
63,Beloha,MG,2021-04-15 19:07:17,-25.1667,45.05,72.46,91,0,6.13
64,Zarubino,RU,2021-04-15 19:11:35,42.63,131.0922,40.01,94,8,9.46
65,Lebu,CL,2021-04-15 19:11:36,-37.6167,-73.65,59.77,75,78,12.28
66,Vaini,TO,2021-04-15 19:11:36,-21.2,-175.2,75.2,88,20,5.75
67,Torbay,CA,2021-04-15 19:11:18,47.6666,-52.7314,35.01,93,90,17.27
68,Xiuyan,CN,2021-04-15 19:11:37,40.2928,123.2744,44.78,88,100,7.92
69,Umba,RU,2021-04-15 19:11:37,66.6871,34.3429,34.36,91,100,9.37
70,Peniche,PT,2021-04-15 19:10:46,39.3558,-9.3811,64.99,84,6,5.99
71,Pitimbu,BR,2021-04-15 19:11:37,-7.4706,-34.8086,77.0,88,75,8.05
72,Kampot,KH,2021-04-15 19:11:38,10.6167,104.1833,78.8,89,40,1.14
73,Hobart,AU,2021-04-15 19:11:38,-42.8794,147.3294,44.6,65,40,5.75
74,Qiongshan,CN,2021-04-15 19:11:39,20.0058,110.3542,75.2,94,0,4.47
75,Makakilo City,US,2021-04-15 19:11:39,21.3469,-158.0858,78.8,57,1,8.05
76,Atuona,PF,2021-04-15 19:08:57,-9.8,-139.0333,81.03,67,40,19.82
77,Prince Rupert,CA,2021-04-15 19:11:39,54.3161,-130.3201,50.0,71,1,4.61
78,Luau,AO,2021-04-15 19:11:40,-10.7073,22.2247,64.89,94,100,3.91
79,Yellowknife,CA,2021-04-15 19:08:44,62.456,-114.3525,37.4,60,20,14.97
80,Jamestown,US,2021-04-15 19:11:40,42.097,-79.2353,43.0,60,90,17.27
81,Camacha,PT,2021-04-15 19:11:40,33.0833,-16.3333,66.2,72,75,16.11
82,Carnarvon,AU,2021-04-15 19:11:41,-24.8667,113.6333,75.22,30,0,15.57
83,Ambulu,ID,2021-04-15 19:11:41,-8.345,113.6058,74.41,89,46,2.71
84,Hay River,CA,2021-04-15 19:11:41,60.8156,-115.7999,51.8,40,20,11.5
85,Jutiquile,HN,2021-04-15 19:11:42,14.7167,-86.0833,87.8,45,75,3.44
86,Nikolskoye,RU,2021-04-15 19:11:42,59.7035,30.7861,42.8,36,0,8.95
87,Zeerust,ZA,2021-04-15 19:11:42,-25.5369,26.0751,66.2,45,88,4.61
88,Lewistown,US,2021-04-15 19:07:11,40.5992,-77.5714,54.0,54,75,14.97
89,Bilibino,RU,2021-04-15 19:11:43,68.0546,166.4372,8.31,89,100,3.0
90,Mount Gambier,AU,2021-04-15 19:11:43,-37.8333,140.7667,46.4,93,90,4.61
91,Baillif,GP,2021-04-15 19:11:44,16.0202,-61.7463,82.4,74,75,12.66
92,Severo-Kurilsk,RU,2021-04-15 19:08:46,50.6789,156.125,27.91,69,45,17.72
93,Deputatskiy,RU,2021-04-15 19:11:44,69.3,139.9,-18.33,97,90,4.34
94,Arlit,NE,2021-04-15 19:11:01,18.7369,7.3853,89.4,6,2,2.84
95,Sampit,ID,2021-04-15 19:11:44,-2.5333,112.95,72.64,98,91,1.16
96,Marshall,US,2021-04-15 19:11:45,34.3834,-86.3333,68.0,45,1,12.66
97,Thompson,CA,2021-04-15 19:11:45,55.7435,-97.8558,42.8,24,75,3.44
98,Jalu,LY,2021-04-15 19:11:45,29.0331,21.5482,78.55,17,100,10.8
99,Mount Isa,AU,2021-04-15 19:10:06,-20.7333,139.5,75.2,17,0,10.36
100,Muhos,FI,2021-04-15 19:11:46,64.808,25.9931,37.4,60,0,5.75
101,Kavieng,PG,2021-04-15 19:09:31,-2.5744,150.7967,79.74,82,100,7.45
102,Bengkulu,ID,2021-04-15 19:09:38,-3.8004,102.2655,74.28,89,100,4.83
103,Honningsvag,NO,2021-04-15 19:11:46,70.9821,25.9704,37.4,87,90,18.41
104,El Cano,PA,2021-04-15 19:11:47,8.4,-80.5167,87.8,70,40,9.22
105,Hithadhoo,MV,2021-04-15 19:11:47,-0.6,73.0833,82.67,68,19,4.61
106,Moree,AU,2021-04-15 19:11:47,-29.4667,149.85,59.0,67,75,6.91
107,Bluff,NZ,2021-04-15 19:11:48,-46.6,168.3333,50.0,95,57,3.0
108,Nome,US,2021-04-15 19:08:44,64.5011,-165.4064,21.99,93,1,4.61
109,Anadyr,RU,2021-04-15 19:11:48,64.75,177.4833,17.6,73,100,8.95
110,Airai,TL,2021-04-15 19:08:58,-8.9266,125.4092,56.21,80,86,1.83
111,Coihaique,CL,2021-04-15 19:11:49,-45.5752,-72.0662,55.4,58,75,3.44
112,Port-Gentil,GA,2021-04-15 19:11:49,-0.7193,8.7815,84.2,79,20,6.91
113,Palana,RU,2021-04-15 19:11:49,59.1167,159.9667,25.02,97,100,5.06
114,Bredasdorp,ZA,2021-04-15 19:11:50,-34.5322,20.0403,64.4,72,15,10.36
115,Taoudenni,ML,2021-04-15 19:11:50,22.6783,-3.9836,91.0,9,0,10.18
116,Ascension,US,2021-04-15 19:11:50,30.2169,-90.9001,71.6,73,90,9.22
117,Castro,BR,2021-04-15 19:11:51,-24.7911,-50.0119,70.47,60,67,6.42
118,Ipora,BR,2021-04-15 19:11:51,-16.4419,-51.1178,85.44,42,40,2.64
119,Quatre Cocos,MU,2021-04-15 19:11:51,-20.2078,57.7625,78.01,88,75,5.75
120,Yellapur,IN,2021-04-15 19:11:52,14.9667,74.7167,73.17,89,17,2.44
121,Penzance,GB,2021-04-15 19:11:52,50.1186,-5.5371,46.0,61,4,18.41
122,Diffa,NE,2021-04-15 19:11:53,13.3154,12.6113,85.87,6,99,4.79
123,Melito Di Porto Salvo,IT,2021-04-15 19:11:53,37.9222,15.7714,55.4,82,90,5.75
124,Esperance,AU,2021-04-15 19:11:53,-33.8667,121.9,51.8,93,14,4.61
125,Cerrito,CO,2021-04-15 19:11:54,6.8432,-72.694,75.2,83,75,5.75
126,Georgetown,MY,2021-04-15 19:08:51,5.4112,100.3354,80.6,94,20,2.3
127,Salitral,PE,2021-04-15 19:11:54,-4.8572,-80.6811,88.07,43,94,9.35
128,Vestmannaeyjar,IS,2021-04-15 19:11:54,63.4427,-20.2734,48.2,93,90,19.57
129,Stokmarknes,NO,2021-04-15 19:11:55,68.5646,14.9108,41.0,87,40,10.36
130,Qaanaaq,GL,2021-04-15 19:11:07,77.484,-69.3632,1.22,76,12,3.18
131,Saint-Gilles,FR,2021-04-15 19:11:55,43.6766,4.4302,53.6,32,0,11.5
132,Papetoai,PF,2021-04-15 19:11:56,-17.4961,-149.8729,86.0,62,40,17.27
133,Seddon,AU,2021-04-15 19:11:56,-37.8068,144.8916,55.99,87,90,8.05
134,Cherskiy,RU,2021-04-15 19:09:20,68.75,161.3,13.98,93,100,5.88
135,Bilma,NE,2021-04-15 19:11:56,18.6853,12.9164,89.96,6,14,10.02
136,Harper,LR,2021-04-15 19:11:57,4.375,-7.7169,82.13,75,71,9.17
137,Cabo San Lucas,MX,2021-04-15 19:11:57,22.8909,-109.9124,86.0,44,20,9.22
138,Sault Sainte Marie,CA,2021-04-15 19:07:45,46.5168,-84.3333,42.8,70,90,17.27
139,Muros,ES,2021-04-15 19:11:58,42.7762,-9.0603,61.0,47,0,9.22
140,San Ramon De La Nueva Oran,AR,2021-04-15 19:11:58,-23.1322,-64.326,89.01,60,62,2.98
141,Kapaa,US,2021-04-15 19:11:20,22.0752,-159.319,77.0,65,40,9.22
142,Shingu,JP,2021-04-15 19:11:59,33.7333,135.9833,57.15,85,100,10.74
143,Kharan,PK,2021-04-15 19:11:59,28.5833,65.4167,69.37,53,10,8.05
144,Mareeba,AU,2021-04-15 19:11:59,-17.0,145.4333,71.6,83,90,5.75
145,Saint Anthony,US,2021-04-15 19:12:00,45.0205,-93.218,50.0,57,75,10.36
146,Pilar,BR,2021-04-15 19:11:25,-9.5972,-35.9567,80.6,78,20,8.05
147,Fairbanks,US,2021-04-15 19:10:09,64.8378,-147.7164,42.8,65,40,2.17
148,Sladkovo,RU,2021-04-15 19:12:00,55.5284,70.3385,45.54,85,47,11.25
149,Stornoway,GB,2021-04-15 19:12:01,58.2093,-6.3865,50.0,61,21,14.97
150,Clyde River,CA,2021-04-15 19:09:13,70.4692,-68.5914,5.0,78,20,25.32
151,Thinadhoo,MV,2021-04-15 19:12:01,0.5333,72.9333,83.17,66,69,6.76
152,Sitka,US,2021-04-15 19:10:37,57.0531,-135.33,42.8,87,75,3.44
153,Chokurdakh,RU,2021-04-15 19:12:02,70.6333,147.9167,-22.49,100,55,2.39
154,Dikson,RU,2021-04-15 19:12:02,73.5069,80.5464,-9.96,95,100,17.83
155,Shaowu,CN,2021-04-15 19:12:02,27.3409,117.4831,61.56,96,100,0.98
156,Alofi,NU,2021-04-15 19:12:03,-19.0595,-169.9187,66.2,94,24,1.14
157,Bocas Del Toro,PA,2021-04-15 19:07:31,9.3333,-82.25,69.01,87,100,6.82
158,Tefe,BR,2021-04-15 19:12:03,-3.3542,-64.7114,87.8,74,40,2.37
159,Prado,BR,2021-04-15 19:12:04,-17.3411,-39.2208,79.14,58,83,12.35
160,Orillia,CA,2021-04-15 19:12:04,44.6087,-79.4207,42.8,65,100,11.5
161,Kulhudhuffushi,MV,2021-04-15 19:12:04,6.6221,73.07,83.8,71,30,5.59
162,Avera,US,2021-04-15 19:12:04,33.194,-82.5271,75.2,68,40,8.05
163,Sisimiut,GL,2021-04-15 19:09:21,66.9395,-53.6735,9.64,76,100,22.3
164,Cabano,PH,2021-04-15 19:12:05,10.5869,122.7002,80.15,82,100,11.88
165,Kathmandu,NP,2021-04-15 19:11:30,27.7167,85.3167,62.6,59,75,4.61
166,Terney,RU,2021-04-15 19:12:05,45.0503,136.6092,36.55,67,100,3.47
167,Krasnoarmeysk,RU,2021-04-15 19:12:06,51.0239,45.6969,56.26,47,100,3.47
168,Tomatlan,MX,2021-04-15 19:12:06,19.9333,-105.25,92.68,27,0,11.39
169,Axim,GH,2021-04-15 19:12:07,4.8699,-2.2405,81.68,81,10,7.02
170,Cidreira,BR,2021-04-15 19:12:07,-30.1811,-50.2056,73.31,68,100,13.29
171,Gizo,SB,2021-04-15 19:12:07,-8.103,156.8419,82.18,76,95,8.03
172,Pampa,US,2021-04-15 19:12:08,35.5362,-100.9599,46.4,81,90,12.66
173,Bani,DO,2021-04-15 19:12:08,18.2833,-70.3333,87.8,62,20,5.75
174,Egvekinot,RU,2021-04-15 19:12:08,66.3167,-179.1667,4.95,96,100,6.11
175,Kommunar,RU,2021-04-15 19:12:09,59.6206,30.39,42.8,36,0,8.95
176,Sao Jose Da Coroa Grande,BR,2021-04-15 19:12:09,-8.8978,-35.1478,75.34,89,100,4.76
177,Trairi,BR,2021-04-15 19:12:09,-3.2778,-39.2689,83.25,73,100,11.45
178,Norman Wells,CA,2021-04-15 19:09:26,65.282,-126.8329,39.2,60,40,2.3
179,Atar,MR,2021-04-15 19:12:10,20.5169,-13.0499,96.8,15,0,11.5
180,Boffa,GN,2021-04-15 19:12:10,10.1667,-14.0333,81.99,69,58,7.23
181,Cravo Norte,CO,2021-04-15 19:12:10,6.3017,-70.2041,88.54,50,89,3.49
182,Stromness,GB,2021-04-15 19:12:11,58.965,-3.296,42.8,81,0,10.36
183,Rio Bueno,CL,2021-04-15 19:12:11,-40.3167,-72.9667,59.0,43,40,3.02
184,Husavik,IS,2021-04-15 19:12:11,66.0449,-17.3389,50.0,66,40,24.16
185,Padang,ID,2021-04-15 19:09:20,-0.9492,100.3543,76.77,84,100,2.28
186,Vostok,RU,2021-04-15 19:12:12,46.4856,135.8833,27.03,70,100,4.88
187,Geraldton,AU,2021-04-15 19:09:15,-28.7667,114.6,64.4,52,1,19.57
188,Hamilton,US,2021-04-15 19:08:53,39.1834,-84.5333,54.0,40,75,12.66
189,Eureka,US,2021-04-15 19:11:40,40.8021,-124.1637,62.01,64,0,7.0
190,Olafsvik,IS,2021-04-15 19:12:13,64.8945,-23.7142,44.15,97,100,20.07
191,Ust-Kuyga,RU,2021-04-15 19:12:13,70.0167,135.6,-15.74,99,99,2.73
192,Maragogi,BR,2021-04-15 19:12:13,-9.0122,-35.2225,74.48,91,100,3.42
193,Rock Sound,BS,2021-04-15 19:12:12,24.9,-76.2,72.25,66,4,9.24
194,Kruisfontein,ZA,2021-04-15 19:08:31,-34.0033,24.7314,64.99,83,100,3.0
195,Lavrentiya,RU,2021-04-15 19:12:14,65.5833,-171.0,9.66,94,76,4.7
196,Ostashkov,RU,2021-04-15 19:12:14,57.1467,33.1075,42.57,82,100,12.33
197,Palu,ID,2021-04-15 19:12:15,-0.8917,119.8707,73.81,94,100,2.89
198,Cascais,PT,2021-04-15 19:12:15,38.6979,-9.4215,64.0,88,20,10.36
199,Mezen,RU,2021-04-15 19:12:15,65.8522,44.24,30.56,89,100,4.27
200,Caraballeda,VE,2021-04-15 19:12:16,10.6112,-66.8522,87.8,66,40,3.44
201,Ancud,CL,2021-04-15 19:12:16,-41.8697,-73.8203,64.0,59,20,4.61
202,Kita,ML,2021-04-15 19:12:16,13.0349,-9.4895,97.09,18,90,3.29
203,Celestun,MX,2021-04-15 19:12:17,20.8667,-90.4,88.27,54,26,11.3
204,Yenagoa,NG,2021-04-15 19:12:17,4.9247,6.2642,80.55,86,100,6.04
205,Avarua,CK,2021-04-15 19:12:17,-21.2078,-159.775,78.8,83,75,8.05
206,Klaksvik,FO,2021-04-15 19:12:18,62.2266,-6.589,44.6,100,100,16.11
207,Sao Joao Da Barra,BR,2021-04-15 19:12:18,-21.6403,-41.0511,78.8,57,40,10.36
208,Khatanga,RU,2021-04-15 19:12:18,71.9667,102.5,8.76,95,100,12.8
209,Constitucion,CL,2021-04-15 19:09:01,-35.3333,-72.4167,67.19,58,7,14.16
210,Saint-Philippe,RE,2021-04-15 19:12:19,-21.3585,55.7679,75.99,83,0,4.61
211,Hervey Bay,AU,2021-04-15 19:12:19,-25.2986,152.8535,64.0,88,0,1.01
212,Nanakuli,US,2021-04-15 19:12:19,21.3906,-158.1547,77.0,57,1,8.05
213,Barra Dos Coqueiros,BR,2021-04-15 19:12:20,-10.9089,-37.0386,80.6,74,75,10.36
214,Talisay,PH,2021-04-15 19:09:08,10.2447,123.8494,78.8,94,90,2.3
215,Souillac,MU,2021-04-15 19:12:20,-20.5167,57.5167,77.0,94,75,8.05
216,Erkner,DE,2021-04-15 19:12:21,52.4167,13.75,37.0,87,75,13.8
217,Sharon,US,2021-04-15 19:07:26,41.2331,-80.4934,45.0,53,90,12.66
218,Mae Ramat,TH,2021-04-15 19:12:21,16.984,98.5166,75.51,96,62,1.14
219,Pangnirtung,CA,2021-04-15 19:10:45,66.1451,-65.7125,1.4,66,40,9.22
220,Port Elizabeth,ZA,2021-04-15 19:12:22,-33.918,25.5701,62.6,88,90,8.05
221,Saldanha,ZA,2021-04-15 19:12:22,-33.0117,17.9442,77.0,47,18,11.5
222,Karaton,ID,2021-04-15 19:12:22,-6.3424,106.1045,80.01,88,20,3.44
223,Sinnamary,GF,2021-04-15 19:12:23,5.3833,-52.95,81.32,79,95,14.45
224,Jinchang,CN,2021-04-15 19:10:27,38.4953,102.1739,43.45,20,0,3.78
225,Pedernales,DO,2021-04-15 19:12:23,18.0384,-71.744,81.37,63,5,6.11
226,Chillicothe,US,2021-04-15 19:12:23,39.3331,-82.9824,50.0,49,90,11.5
227,Salalah,OM,2021-04-15 19:12:24,17.0151,54.0924,80.6,78,0,5.75
228,Ilulissat,GL,2021-04-15 19:10:43,69.2167,-51.1,12.2,67,75,9.22
229,Bokoro,TD,2021-04-15 19:12:24,12.3807,17.0568,91.17,6,5,10.47
230,Pevek,RU,2021-04-15 19:12:25,69.7008,170.3133,18.1,79,100,21.79
231,Ponta Do Sol,PT,2021-04-15 19:12:25,32.6667,-17.1,66.2,68,40,11.5
232,Maroantsetra,MG,2021-04-15 19:12:25,-15.4333,49.7333,77.18,88,81,1.5
233,Te Anau,NZ,2021-04-15 19:12:25,-45.4167,167.7167,49.84,93,99,4.41
234,Mbanza-Ngungu,CD,2021-04-15 19:12:26,-5.25,14.8667,71.31,89,100,2.75
235,Srednekolymsk,RU,2021-04-15 19:11:08,67.45,153.6833,5.18,95,100,4.65
236,Hambantota,LK,2021-04-15 19:12:26,6.1241,81.1185,77.0,100,40,2.3
237,Veraval,IN,2021-04-15 19:12:27,20.9,70.3667,78.78,76,0,11.39
238,Maun,BW,2021-04-15 19:12:27,-19.9833,23.4167,71.6,40,0,3.44
239,Santa Elena,EC,2021-04-15 19:12:27,-2.2333,-80.85,80.6,78,0,11.5
240,Lompoc,US,2021-04-15 19:09:52,34.6391,-120.4579,62.01,72,3,14.97
241,Meulaboh,ID,2021-04-15 19:12:28,4.1363,96.1285,79.45,80,100,2.19
242,Nabari,JP,2021-04-15 19:12:28,34.6167,136.0833,57.99,77,90,9.15
243,Yerbogachen,RU,2021-04-15 19:12:28,61.2767,108.0108,25.61,93,100,15.86
244,Tasiilaq,GL,2021-04-15 19:12:29,65.6145,-37.6368,30.2,86,90,19.57
245,Tacuarembo,UY,2021-04-15 19:12:29,-31.7333,-55.9833,77.29,68,19,3.69
246,Challapata,BO,2021-04-15 19:11:11,-18.9,-66.7667,57.56,20,8,7.52
247,Yzeure,FR,2021-04-15 19:12:29,46.5644,3.355,46.0,56,0,5.75
248,Anyang,CN,2021-04-15 19:10:17,36.0994,114.3289,50.97,18,87,3.02
249,Vila Velha,BR,2021-04-15 19:12:30,-20.3297,-40.2925,82.0,65,0,12.66
250,Am Timan,TD,2021-04-15 19:12:30,11.0297,20.2827,93.07,6,60,2.84
251,Shimoda,JP,2021-04-15 19:12:31,34.6667,138.95,51.01,61,100,4.0
252,Urumqi,CN,2021-04-15 19:12:31,43.801,87.6005,51.8,22,0,4.47
253,Timbiqui,CO,2021-04-15 19:12:31,2.7717,-77.6654,80.35,84,100,6.91
254,Ust-Uda,RU,2021-04-15 19:12:32,54.1742,103.0304,20.86,95,47,2.93
255,Vardo,NO,2021-04-15 19:12:32,70.3705,31.1107,30.2,74,75,4.61
256,Methoni,GR,2021-04-15 19:12:32,36.8197,21.7049,60.01,47,20,10.36
257,Asosa,ET,2021-04-15 19:12:33,10.0667,34.5333,74.05,14,5,2.55
258,Kavaratti,IN,2021-04-15 19:12:33,10.5669,72.642,84.33,71,6,7.54
259,Yeppoon,AU,2021-04-15 19:12:33,-23.1333,150.7333,62.6,88,2,4.38
260,Tazovskiy,RU,2021-04-15 19:12:34,67.4667,78.7,-3.19,90,68,18.01
261,Novaci,RO,2021-04-15 19:12:34,45.1833,23.6667,37.09,83,96,4.63
262,Bulaevo,KZ,2021-04-15 19:12:35,54.9056,70.4439,39.63,83,15,9.57
263,San Carlos De Bariloche,AR,2021-04-15 19:12:03,-41.1456,-71.3082,70.0,29,0,13.8
264,Namibe,AO,2021-04-15 19:12:36,-15.1961,12.1522,80.38,82,8,6.6
265,Cayenne,GF,2021-04-15 19:09:25,4.9333,-52.3333,82.4,78,75,13.8
266,Hasaki,JP,2021-04-15 19:08:32,35.7333,140.8333,42.8,93,40,3.44
267,Tilichiki,RU,2021-04-15 19:12:36,60.4667,166.1,33.46,92,100,22.88
268,Ixtapa,MX,2021-04-15 19:12:37,20.7,-105.2,80.6,65,1,10.36
269,Omis,HR,2021-04-15 19:12:37,43.4447,16.6886,50.0,32,0,11.5
270,Beringovskiy,RU,2021-04-15 19:12:37,63.05,179.3167,23.83,94,100,11.63
271,Biltine,TD,2021-04-15 19:12:38,14.5333,20.9167,86.02,5,43,13.6
272,Pushkinskiye Gory,RU,2021-04-15 19:12:38,57.0209,28.9103,43.61,72,100,12.08
273,Baracoa,CU,2021-04-15 19:12:38,20.3467,-74.4958,79.57,57,76,7.29
274,Parana,AR,2021-04-15 19:10:59,-31.732,-60.5238,86.0,32,0,4.0
275,Soledad,CO,2021-04-15 19:12:16,10.9184,-74.7646,89.6,62,40,14.97
276,Harrogate,GB,2021-04-15 19:12:39,53.9908,-1.5373,51.8,43,40,8.05
277,Marzuq,YE,2021-04-15 19:12:39,14.4,46.4667,69.67,65,14,6.98
278,Houma,US,2021-04-15 19:12:40,29.5958,-90.7195,70.0,83,90,13.8
279,Olenino,RU,2021-04-15 19:12:40,56.2092,33.4889,45.57,84,100,15.43
280,Sarankhola,BD,2021-04-15 19:12:40,22.3082,89.7897,80.8,78,100,10.18
281,San Patricio,US,2021-04-15 19:12:41,28.017,-97.5169,73.99,100,90,14.97
282,Nanortalik,GL,2021-04-15 19:12:41,60.1432,-45.2371,28.24,74,49,38.63
283,Visby,SE,2021-04-15 19:09:56,57.6409,18.296,39.0,81,90,14.97
284,Hede,CN,2021-04-15 19:12:42,33.7681,120.2517,51.21,95,100,6.93
285,Bangkalan,ID,2021-04-15 19:12:42,-7.0455,112.7351,80.6,83,20,5.75
286,Two Rivers,US,2021-04-15 19:12:42,44.1539,-87.5693,48.99,61,90,10.36
287,Kieta,PG,2021-04-15 19:12:43,-6.2167,155.6333,79.16,85,91,3.44
288,Bidar,IN,2021-04-15 19:12:43,17.9,77.55,81.3,39,35,11.88
289,Collie,AU,2021-04-15 19:12:43,-33.3667,116.15,55.0,89,97,4.14
290,Khuzhir,RU,2021-04-15 19:12:44,53.1939,107.3397,25.02,80,99,7.47
291,Portland,US,2021-04-15 19:10:46,45.5234,-122.6762,70.0,32,20,4.61
292,San Cristobal,VE,2021-04-15 19:12:44,7.7669,-72.225,87.8,58,40,9.22
293,Orlik,RU,2021-04-15 19:12:44,52.5178,99.825,10.26,83,21,3.98
294,Kandrian,PG,2021-04-15 19:12:45,-6.2167,149.55,76.32,87,95,3.62
295,Mercedes,AR,2021-04-15 19:12:45,-34.6515,-59.4307,80.01,52,0,1.01
296,Guerrero Negro,MX,2021-04-15 19:08:54,27.9769,-114.0611,64.96,52,100,17.31
297,Rawson,AR,2021-04-15 19:12:45,-43.3002,-65.1023,67.15,28,0,6.35
298,Yulara,AU,2021-04-15 19:12:46,-25.2406,130.9889,60.8,88,90,6.91
299,Balestrand,NO,2021-04-15 19:12:46,61.2076,6.5334,37.99,64,0,2.3
300,Marawi,PH,2021-04-15 19:12:47,7.9986,124.2928,75.99,91,100,3.0
301,Havre-Saint-Pierre,CA,2021-04-15 19:12:47,50.2334,-63.5986,39.2,75,1,14.97
302,Codrington,AU,2021-04-15 19:12:47,-38.2667,141.9667,54.07,61,100,8.72
303,Port Hedland,AU,2021-04-15 19:12:47,-20.3167,118.5667,77.0,53,3,8.05
304,Acobamba,PE,2021-04-15 19:12:48,-11.3525,-75.6594,62.94,65,100,8.68
305,Roald,NO,2021-04-15 19:12:48,62.5833,6.1333,41.0,81,0,2.3
306,Matagami,CA,2021-04-15 19:12:48,49.7502,-77.6328,51.8,66,1,13.8
307,Opuwo,NA,2021-04-15 19:12:49,-18.0607,13.84,70.07,60,99,3.74
308,Merauke,ID,2021-04-15 19:11:38,-8.4667,140.3333,77.0,86,15,10.65
309,Tignere,CM,2021-04-15 19:12:49,7.3667,12.65,66.78,83,94,3.31
310,Sivaki,RU,2021-04-15 19:12:50,52.6333,126.75,29.5,54,100,5.37
311,Delvada,IN,2021-04-15 19:12:50,20.7667,71.0333,78.39,71,0,14.99
312,Saint-Joseph,RE,2021-04-15 19:12:50,-21.3667,55.6167,77.0,83,0,4.61
313,Wadi Maliz,TN,2021-04-15 19:12:51,36.4681,8.5495,57.2,94,40,11.5
314,Kyaikkami,MM,2021-04-15 19:12:51,16.08,97.5675,83.5,75,49,10.63
315,Turukhansk,RU,2021-04-15 19:12:51,65.8167,87.9833,16.38,92,100,22.03
316,Mehamn,NO,2021-04-15 19:11:04,71.0357,27.8492,32.0,93,75,10.36
317,Cabedelo,BR,2021-04-15 19:12:52,-6.9811,-34.8339,77.0,88,75,8.05
318,Brownwood,US,2021-04-15 19:10:27,31.7093,-98.9912,57.2,100,90,4.61
319,Kibre Mengist,ET,2021-04-15 19:12:52,5.8833,38.9833,61.83,89,100,3.47
320,Pisco,PE,2021-04-15 19:12:53,-13.7,-76.2167,69.8,78,0,10.36
321,Atambua,ID,2021-04-15 19:12:53,-9.1061,124.8925,69.51,83,100,3.56
322,Tezu,IN,2021-04-15 19:09:32,27.9167,96.1667,74.35,43,100,4.45
323,Poum,NC,2021-04-15 19:12:54,-20.2333,164.0167,78.57,80,85,4.99
324,Kapit,MY,2021-04-15 19:12:54,2.0167,112.9333,72.23,99,81,0.74
325,San Jose,US,2021-04-15 19:10:34,37.3394,-121.895,69.01,37,1,4.61
326,Shakhtinsk,KZ,2021-04-15 19:12:55,49.71,72.5872,33.8,80,0,11.18
327,Iqaluit,CA,2021-04-15 19:12:55,63.7506,-68.5145,6.8,72,75,20.71
328,Nurota,UZ,2021-04-15 19:12:55,40.5614,65.6886,60.8,41,45,11.5
329,Tateyama,JP,2021-04-15 19:12:56,34.9833,139.8667,52.0,73,100,8.41
330,Vypolzovo,RU,2021-04-15 19:12:56,57.8767,33.6986,42.67,74,100,12.37
331,Usingen,DE,2021-04-15 19:12:56,50.3333,8.5333,43.0,67,100,1.01
332,Ostrovnoy,RU,2021-04-15 19:12:57,68.0531,39.5131,24.28,93,97,5.23
333,Vigrestad,NO,2021-04-15 19:12:57,58.5667,5.7,43.0,67,4,7.02
334,Nantucket,US,2021-04-15 19:12:57,41.2835,-70.0995,46.4,76,90,20.71
335,Nouadhibou,MR,2021-04-15 19:12:58,20.931,-17.0347,69.8,68,0,21.85
336,Leningradskiy,RU,2021-04-15 19:12:58,69.3833,178.4167,18.16,85,100,8.72
337,Shizunai,JP,2021-04-15 19:10:13,42.3339,142.3669,37.42,69,77,5.88
338,Taft,IR,2021-04-15 19:10:44,31.7471,54.2088,75.2,23,0,6.91
339,Dunedin,NZ,2021-04-15 19:12:59,-45.8742,170.5036,54.0,81,100,5.66
340,Thessalon,CA,2021-04-15 19:12:59,46.2501,-83.5666,41.0,87,90,5.75
341,Nipawin,CA,2021-04-15 19:12:59,53.3668,-104.0009,42.8,56,20,9.22
342,Bay City,US,2021-04-15 19:13:00,43.5945,-83.8889,44.6,65,90,13.8
343,Pizarro,CO,2021-04-15 19:13:00,4.9533,-77.366,80.46,88,100,12.35
344,Trelew,AR,2021-04-15 19:13:00,-43.249,-65.3051,69.53,20,0,10.18
345,Sola,VU,2021-04-15 19:13:01,-13.8833,167.55,78.8,94,20,14.79
346,Hokitika,NZ,2021-04-15 19:13:01,-42.7167,170.9667,55.65,87,69,0.94
347,Damaturu,NG,2021-04-15 19:13:01,11.747,11.9608,87.31,6,100,9.57
348,Ossora,RU,2021-04-15 19:13:02,59.2353,163.0719,32.4,98,100,8.46
349,Conceicao Do Araguaia,BR,2021-04-15 19:13:02,-8.2578,-49.2647,84.2,79,20,6.91
350,Auce,LV,2021-04-15 19:13:02,56.4598,22.9017,44.6,61,90,13.8
351,Ayan,RU,2021-04-15 19:13:03,56.45,138.1667,16.81,77,62,9.8
352,Boende,CD,2021-04-15 19:13:03,-0.2167,20.8667,70.86,97,100,1.36
353,Pafos,CY,2021-04-15 19:13:03,34.7667,32.4167,59.0,77,0,3.44
354,Margate,GB,2021-04-15 19:13:04,51.3813,1.3862,48.0,69,14,5.01
355,Itabera,BR,2021-04-15 19:13:04,-23.8619,-49.1372,70.5,69,92,13.0
356,Ternate,ID,2021-04-15 19:13:04,0.8,127.4,79.56,81,100,8.23
357,Sakaiminato,JP,2021-04-15 19:13:05,35.55,133.2333,42.8,81,20,9.22
358,Kangaatsiaq,GL,2021-04-15 19:13:05,68.3065,-53.4641,6.57,81,100,20.0
359,Vao,NC,2021-04-15 19:10:32,-22.6667,167.4833,74.97,83,100,19.33
360,Bonthe,SL,2021-04-15 19:09:08,7.5264,-12.505,81.99,76,11,11.41
361,Araouane,ML,2021-04-15 19:13:06,18.9048,-3.5265,94.21,8,9,9.08
362,Maloy,NO,2021-04-15 19:13:06,61.9353,5.1136,44.6,70,0,5.75
363,Kyra,RU,2021-04-15 19:13:06,49.5776,111.9753,23.25,60,1,6.04
364,Canico,PT,2021-04-15 19:13:07,32.6333,-16.85,66.2,68,40,11.5
365,Bengbu,CN,2021-04-15 19:09:53,32.9408,117.3608,56.26,95,94,6.4
366,Kenai,US,2021-04-15 19:13:07,60.5544,-151.2583,39.0,87,40,5.75
367,Kilmallock,IE,2021-04-15 19:13:08,52.4,-8.5772,48.99,70,33,7.0
368,Palauig,PH,2021-04-15 19:13:08,15.435,119.9045,80.28,74,98,2.37
369,Belmonte,BR,2021-04-15 19:13:08,-15.8631,-38.8828,80.6,61,20,8.05
370,Salta,AR,2021-04-15 19:13:09,-24.7859,-65.4117,79.0,50,40,5.75
371,Ozernovskiy,RU,2021-04-15 19:13:09,51.5,156.5167,29.16,69,100,15.26
372,Santa Fe,AR,2021-04-15 19:13:09,-31.6333,-60.7,86.0,40,0,4.0
373,Chapais,CA,2021-04-15 19:13:09,49.7834,-74.8492,62.6,20,1,11.5
374,Nchelenge,ZM,2021-04-15 19:13:10,-9.3451,28.734,70.34,86,100,5.86
375,Racovita,RO,2021-04-15 19:13:10,45.6983,21.6358,41.0,100,75,2.3
376,Cabra,ES,2021-04-15 19:13:10,37.4725,-4.4421,57.2,94,90,6.91
377,Sangar,RU,2021-04-15 19:13:11,63.9242,127.4739,1.36,99,90,1.54
378,Alihe,CN,2021-04-15 19:13:11,50.5667,123.7167,31.03,77,100,6.8
379,Adrar,MR,2021-04-15 19:11:16,20.5022,-10.0711,85.78,16,20,10.0
380,Terrace,CA,2021-04-15 19:13:12,54.5163,-128.6035,51.8,50,40,13.8
381,Tiarei,PF,2021-04-15 19:13:12,-17.5333,-149.3333,86.0,62,40,17.27
382,Aswan,EG,2021-04-15 19:13:13,24.0934,32.907,81.7,11,0,10.42
383,Taltal,CL,2021-04-15 19:13:14,-25.4,-70.4833,67.17,73,34,6.02
384,Oksfjord,NO,2021-04-15 19:13:14,70.2396,22.3479,39.2,81,40,23.02
385,Kahului,US,2021-04-15 19:10:25,20.8947,-156.47,78.8,61,20,16.11
386,Dingle,PH,2021-04-15 19:13:15,10.9995,122.6711,76.32,89,100,5.06
387,Abong Mbang,CM,2021-04-15 19:13:15,3.9833,13.1833,73.15,77,67,2.44
388,Ha Giang,VN,2021-04-15 19:09:24,22.8333,104.9833,75.9,97,100,2.28
389,Addis Abeba,ET,2021-04-15 19:13:16,9.025,38.7469,68.0,42,20,9.22
390,Vila Franca Do Campo,PT,2021-04-15 19:13:16,37.7167,-25.4333,62.6,88,40,8.05
391,Bathsheba,BB,2021-04-15 19:13:16,13.2167,-59.5167,84.2,61,75,17.27
392,Beaufort,MY,2021-04-15 19:13:16,5.3473,115.7455,77.0,94,20,1.14
393,Batagay-Alyta,RU,2021-04-15 19:13:17,67.8006,130.4114,-12.5,95,61,6.17
394,Adra,ES,2021-04-15 19:13:17,36.7496,-3.0206,57.0,94,75,9.22
395,Bambous Virieux,MU,2021-04-15 19:13:17,-20.3428,57.7575,78.01,88,75,5.75
396,Prestea,GH,2021-04-15 19:13:18,5.4327,-2.1428,79.14,85,98,4.85
397,Kloulklubed,PW,2021-04-15 19:13:18,7.0419,134.2556,75.2,94,90,39.12
398,Terrak,NO,2021-04-15 19:13:18,65.087,12.3715,42.8,93,75,11.5
399,Chervona Sloboda,UA,2021-04-15 19:13:19,49.3789,32.1464,47.41,83,99,3.89
400,Chemal,RU,2021-04-15 19:13:19,51.4111,86.005,41.81,93,52,2.91
401,Great Falls,US,2021-04-15 19:12:20,47.5002,-111.3008,39.0,93,90,5.75
402,Moberly,US,2021-04-15 19:13:20,39.4184,-92.4382,55.99,44,40,7.27
403,Berlevag,NO,2021-04-15 19:13:20,70.8578,29.0864,30.2,93,75,8.05
404,Urdoma,RU,2021-04-15 19:13:20,61.7533,48.5442,32.85,79,0,4.74
405,Tura,IN,2021-04-15 19:13:21,25.5198,90.2201,78.13,38,100,5.12
406,Ambilobe,MG,2021-04-15 19:13:21,-13.2,49.05,73.99,95,11,2.75
407,Toul,FR,2021-04-15 19:13:21,48.6667,5.9167,50.0,52,0,8.05
408,Sur,OM,2021-04-15 19:13:22,22.5667,59.5289,85.73,41,84,11.52
409,Westport,US,2021-04-15 19:13:09,41.1415,-73.3579,52.0,93,90,16.11
410,Mahina,PF,2021-04-15 19:13:22,-17.5065,-149.489,86.0,62,40,17.27
411,Tornio,FI,2021-04-15 19:13:23,65.8481,24.1466,30.2,93,0,3.44
412,College,US,2021-04-15 19:13:23,64.8569,-147.8028,42.8,60,75,2.28
413,Caceres,ES,2021-04-15 19:13:23,39.522,-6.3748,58.44,69,100,4.12
414,Erenhot,CN,2021-04-15 19:13:24,43.6475,111.9767,33.04,38,49,7.92
415,Hofn,IS,2021-04-15 19:10:27,64.2539,-15.2082,45.09,96,100,27.4
416,Cururupu,BR,2021-04-15 19:13:24,-1.8283,-44.8683,84.58,67,93,6.4
417,Uniontown,US,2021-04-15 19:11:21,39.9001,-79.7164,48.0,42,100,3.0
418,Mount Pleasant,US,2021-04-15 19:13:24,32.7941,-79.8626,75.2,60,90,10.36
419,La Libertad,EC,2021-04-15 19:13:25,-2.2333,-80.9,80.6,78,0,11.5
420,Queimadas,BR,2021-04-15 19:13:25,-10.9783,-39.6264,88.59,37,51,15.48
421,Sorong,ID,2021-04-15 19:13:25,-0.8833,131.25,79.7,81,100,10.33
422,Vallenar,CL,2021-04-15 19:13:26,-28.5708,-70.7581,82.44,32,100,8.61
423,Gat,IL,2021-04-15 19:13:26,31.61,34.7642,69.01,28,100,3.0
424,Yarada,IN,2021-04-15 19:13:26,17.65,83.2667,78.8,78,73,2.3
425,Steamboat Springs,US,2021-04-15 19:13:27,40.485,-106.8317,32.0,100,90,11.5
426,Front Royal,US,2021-04-15 19:12:32,38.9182,-78.1944,59.0,50,75,16.11
427,Ust-Nera,RU,2021-04-15 19:13:27,64.5667,143.2,0.37,98,100,4.32
428,Puerto Quijarro,BO,2021-04-15 19:13:28,-17.7833,-57.7667,96.73,32,12,1.48
429,Sao Filipe,CV,2021-04-15 19:13:28,14.8961,-24.4956,73.94,69,0,15.59
430,Evensk,RU,2021-04-15 19:13:28,61.95,159.2333,21.58,95,100,4.12
431,Oktyabrskiy,RU,2021-04-15 19:13:29,54.4815,53.471,52.84,60,23,4.25
432,Beruwala,LK,2021-04-15 19:13:29,6.4788,79.9828,79.88,81,100,1.79
433,Linjiang,CN,2021-04-15 19:13:29,41.8069,126.9078,39.4,74,100,4.07
434,Russell,US,2021-04-15 19:13:30,32.3502,-85.1999,73.4,68,90,4.61
435,Xuanhua,CN,2021-04-15 19:13:30,40.6103,115.0447,40.59,22,0,13.65
436,Linxi,CN,2021-04-15 19:13:30,39.7,118.4333,48.49,29,0,17.56
437,Grootfontein,NA,2021-04-15 19:13:31,-19.5667,18.1167,53.6,76,82,5.57
438,Port Macquarie,AU,2021-04-15 19:13:31,-31.4333,152.9167,57.99,90,6,10.47
439,Ipoh,MY,2021-04-15 19:13:31,4.5841,101.0829,77.0,94,20,3.2
440,Qasigiannguit,GL,2021-04-15 19:13:32,68.8193,-51.1922,12.2,67,75,9.22
441,Nhulunbuy,AU,2021-04-15 19:13:32,-12.2333,136.7667,75.2,88,30,7.27
442,Storforshei,NO,2021-04-15 19:13:33,66.4043,14.5233,39.99,87,75,6.91
443,Peachland,CA,2021-04-15 19:13:33,49.7665,-119.7357,57.99,33,0,1.99
444,Cortez,US,2021-04-15 19:13:33,37.3489,-108.5859,60.8,17,1,19.57
445,Zemetchino,RU,2021-04-15 19:13:34,53.4973,42.6163,57.87,56,100,6.91
446,Vaitape,PF,2021-04-15 19:08:48,-16.5167,-151.75,82.42,74,18,13.0
447,Haukipudas,FI,2021-04-15 19:13:34,65.1765,25.3523,37.4,60,0,5.75
448,Verkhnevilyuysk,RU,2021-04-15 19:13:35,63.4453,120.3167,9.54,96,28,4.68
449,Saint-Augustin,CA,2021-04-15 19:13:35,51.226,-58.6502,40.33,71,96,16.04
450,Maues,BR,2021-04-15 19:13:35,-3.3836,-57.7186,82.54,78,100,1.92
451,Dragomiresti,RO,2021-04-15 19:13:35,44.9167,25.3333,39.99,74,99,4.5
452,Mulege,MX,2021-04-15 19:13:36,26.8833,-111.9833,84.65,23,83,7.4
453,Manono,CD,2021-04-15 19:13:36,-7.3,27.4167,70.92,91,94,3.51
454,Kailua,US,2021-04-15 19:13:11,21.4022,-157.7394,78.8,47,20,10.36
455,Gondanglegi,ID,2021-04-15 19:13:37,-7.7479,112.0132,73.6,91,99,4.07
456,Baykit,RU,2021-04-15 19:13:37,61.67,96.37,38.1,97,100,13.65
457,San Carlos,VE,2021-04-15 19:13:37,9.6612,-68.5827,93.9,40,55,4.05
458,Lasa,IT,2021-04-15 19:13:38,46.6166,10.7002,44.6,69,0,2.3
459,Pochutla,MX,2021-04-15 19:13:38,15.7432,-96.4661,93.0,31,40,11.5
460,Honiara,SB,2021-04-15 19:09:14,-9.4333,159.95,76.66,84,10,3.42
461,Pueblo Nuevo,MX,2021-04-15 19:13:38,23.3833,-105.3833,78.87,11,97,8.95
462,Villers-Les-Nancy,FR,2021-04-15 19:13:39,48.671,6.1508,48.2,52,0,4.61
463,Tromso,NO,2021-04-15 19:13:39,69.6496,18.957,37.4,87,75,14.97
464,Huangchuan,CN,2021-04-15 19:13:39,32.1272,115.0394,58.53,92,100,7.11
465,Haines Junction,CA,2021-04-15 19:13:40,60.7522,-137.5108,41.0,48,87,5.75
466,Fukue,JP,2021-04-15 19:13:40,32.6881,128.8419,61.21,74,100,14.52
467,Inhambane,MZ,2021-04-15 19:13:40,-23.865,35.3833,73.4,78,0,5.3
468,Lubango,AO,2021-04-15 19:13:41,-14.9172,13.4925,60.93,71,52,0.81
469,Asau,RO,2021-04-15 19:13:41,46.4333,26.4,39.99,46,18,2.37
470,Aykhal,RU,2021-04-15 19:13:41,66.0,111.5,16.93,94,100,10.16
471,Sabang,ID,2021-04-15 19:13:42,5.8933,95.3214,83.62,69,57,7.49
472,Burdur,TR,2021-04-15 19:13:42,37.7203,30.2908,53.6,54,40,6.91
473,Villa Union,MX,2021-04-15 19:13:42,23.2,-106.2333,82.4,54,1,9.22
474,Pangody,RU,2021-04-15 19:13:43,65.85,74.4859,8.44,92,91,17.31
475,Vyshchetarasivka,UA,2021-04-15 19:13:43,47.5685,34.881,46.4,93,75,11.18
476,Rapar,IN,2021-04-15 19:13:43,23.5667,70.6333,79.99,63,0,15.97
477,Dolores,AR,2021-04-15 19:13:44,-36.3132,-57.6792,74.68,59,0,4.05
478,Kaeo,NZ,2021-04-15 19:13:44,-35.1,173.7833,55.0,94,11,3.62
479,Port Augusta,AU,2021-04-15 19:13:44,-32.5,137.7667,59.0,94,90,4.61
480,Basco,PH,2021-04-15 19:13:45,20.4487,121.9702,78.51,76,13,6.98
481,Gambo,CF,2021-04-15 19:13:45,4.6482,22.2633,72.52,70,86,2.53
482,Takoradi,GH,2021-04-15 19:13:45,4.8845,-1.7554,82.13,78,12,9.04
483,Kiunga,PG,2021-04-15 19:13:46,-6.1219,141.2906,71.28,99,70,2.28
484,Flagstaff,US,2021-04-15 19:11:17,35.1981,-111.6513,57.0,19,1,18.41
485,Neumunster,DE,2021-04-15 19:13:46,54.0667,9.9833,42.01,60,85,1.99
486,Khani,GE,2021-04-15 19:13:47,41.9563,42.9566,57.2,67,75,8.05
487,Baghdad,IQ,2021-04-15 19:12:48,33.3406,44.4009,66.2,30,0,3.44
488,Statesboro,US,2021-04-15 19:12:26,32.4488,-81.7832,73.4,60,75,11.5
489,Saint-Louis,SN,2021-04-15 19:13:47,16.3333,-15.0,102.2,16,0,2.3
490,Villa Carlos Paz,AR,2021-04-15 19:13:45,-31.4241,-64.4978,82.0,44,0,6.91
491,Yangjiang,CN,2021-04-15 19:13:48,21.85,111.9667,75.06,88,79,6.38
492,Jalor,IN,2021-04-15 19:13:48,25.35,72.6167,83.32,36,100,13.51
493,Virginia Beach,US,2021-04-15 19:10:55,36.8529,-75.978,64.4,68,90,12.66
494,Maniitsoq,GL,2021-04-15 19:08:51,65.4167,-52.9,16.57,70,95,27.87
495,Gweru,ZW,2021-04-15 19:13:49,-19.45,29.8167,57.22,55,0,5.95
496,Amazar,RU,2021-04-15 19:13:49,53.858,120.875,24.26,88,99,3.15
497,Caravelas,BR,2021-04-15 19:13:49,-17.7125,-39.2481,79.47,56,100,10.45
498,Lamu,KE,2021-04-15 19:13:50,-2.2717,40.902,81.27,80,94,10.92
499,Dhulian,IN,2021-04-15 19:13:50,24.6833,87.9667,83.21,17,15,6.08
500,Akdagmadeni,TR,2021-04-15 19:13:50,39.6603,35.8836,47.66,51,33,4.7
501,Touros,BR,2021-04-15 19:13:51,-5.1989,-35.4608,84.2,74,40,12.66
502,Sidi Ali,DZ,2021-04-15 19:13:51,36.0998,0.4206,57.18,83,100,22.3
503,Victor Harbor,AU,2021-04-15 19:13:51,-35.5667,138.6167,60.01,78,27,1.01
504,Esqueda,MX,2021-04-15 19:13:52,30.7167,-109.5833,75.69,13,100,24.14
505,Lorengau,PG,2021-04-15 19:13:52,-2.0226,147.2712,80.64,77,100,6.04
506,Abu Dhabi,AE,2021-04-15 19:12:52,24.4667,54.3667,80.6,65,0,8.05
507,Millinocket,US,2021-04-15 19:09:39,45.6573,-68.7098,62.6,23,1,16.11
508,Bardiyah,LY,2021-04-15 19:13:53,31.7561,25.0865,63.3,76,16,8.14
509,Zhanaozen,KZ,2021-04-15 19:13:21,43.3,52.8,56.39,56,42,8.84
510,Iberia,US,2021-04-15 19:10:42,29.9502,-91.7507,73.4,73,75,14.97
511,Campo Verde,BR,2021-04-15 19:13:53,-20.4167,-54.0667,87.8,42,40,4.61
512,Talcahuano,CL,2021-04-15 19:13:53,-36.7167,-73.1167,69.8,60,0,9.22
513,Katsuura,JP,2021-04-15 19:09:23,35.1333,140.3,52.0,71,0,8.05
514,Tamandare,BR,2021-04-15 19:13:54,-8.7597,-35.1047,75.61,90,100,5.77
515,Miraflores,MX,2021-04-15 19:13:54,19.2167,-98.8083,78.8,21,75,8.05
516,Ekuvukeni,ZA,2021-04-15 19:13:55,-28.4675,30.1551,65.57,58,5,2.59
517,Manggar,ID,2021-04-15 19:13:55,-2.8833,108.2667,79.47,79,96,3.78
518,Kutum,SD,2021-04-15 19:13:55,14.2,24.6667,74.98,6,0,11.74
519,Asuncion Nochixtlan,MX,2021-04-15 19:13:56,17.4667,-97.2333,77.97,27,100,4.14
520,Suluq,LY,2021-04-15 19:13:56,31.6682,20.2521,68.11,45,28,13.18
521,Tame,CO,2021-04-15 19:13:56,6.461,-71.73,83.89,63,97,2.53
522,Uspenka,UA,2021-04-15 19:13:57,48.3903,39.1619,49.8,89,0,9.69
523,Namatanai,PG,2021-04-15 19:13:57,-3.6667,152.4333,78.78,79,89,3.47
524,Ryotsu,JP,2021-04-15 19:11:16,38.0833,138.4333,47.79,59,100,5.59
525,Olutanga,PH,2021-04-15 19:13:58,7.3106,122.8464,81.63,77,97,8.03
526,Porlamar,VE,2021-04-15 19:13:58,10.958,-63.8491,81.81,74,100,14.83
527,La Ronge,CA,2021-04-15 19:13:58,55.1001,-105.2842,51.8,34,1,10.36
528,Rindal,NO,2021-04-15 19:13:59,63.0565,9.2124,34.65,80,29,4.18
529,Chinchani,IN,2021-04-15 19:13:59,19.8667,72.7,81.07,71,0,6.46
530,Asadabad,IR,2021-04-15 19:13:59,34.7824,48.1185,54.1,29,38,1.5
531,Catia La Mar,VE,2021-04-15 19:14:00,10.6038,-67.0303,87.8,66,40,3.44
532,Aklavik,CA,2021-04-15 19:14:00,68.2191,-135.0107,19.4,73,90,9.22
533,Sfantu Gheorghe,RO,2021-04-15 19:14:01,45.8667,25.7833,37.99,82,71,2.66
534,Quzhou,CN,2021-04-15 19:14:01,28.9594,118.8686,57.36,94,48,0.83
535,Bethel,US,2021-04-15 19:14:01,41.3712,-73.414,51.01,96,100,4.0
536,Chapleau,CA,2021-04-15 19:14:02,47.8405,-83.4034,33.8,86,90,14.97
537,Glendive,US,2021-04-15 19:14:02,47.1053,-104.7125,41.0,60,90,5.86
538,Mayumba,GA,2021-04-15 19:14:02,-3.432,10.6554,79.99,86,90,1.21
539,Charlestown,AU,2021-04-15 19:14:03,-32.95,151.6667,64.0,64,7,9.62
540,Santa Barbara,US,2021-04-15 19:11:50,34.7333,-120.0343,70.0,48,1,6.91
541,The Pas,CA,2021-04-15 19:13:00,53.8251,-101.2541,44.6,53,90,9.22
542,Bandarbeyla,SO,2021-04-15 19:14:03,9.4942,50.8122,81.05,78,38,9.35
543,Nouakchott,MR,2021-04-15 19:14:03,18.0858,-15.9785,75.2,60,79,23.02
544,Tiksi,RU,2021-04-15 19:14:04,71.6872,128.8694,-5.01,100,95,2.73
545,Sabya,SA,2021-04-15 19:14:04,17.1495,42.6254,86.0,74,40,5.75
546,Mirnyy,RU,2021-04-15 19:14:04,62.5353,113.9611,20.57,88,100,9.33
547,Henties Bay,NA,2021-04-15 19:14:05,-22.116,14.2845,78.33,49,36,1.92
548,Tessalit,ML,2021-04-15 19:10:14,20.1986,1.0114,94.68,6,77,8.66
549,Wanning,CN,2021-04-15 19:14:05,18.8003,110.3967,75.54,90,100,4.83
550,Olyka,UA,2021-04-15 19:14:06,50.7186,25.8125,39.99,95,100,8.01
551,Komatipoort,ZA,2021-04-15 19:14:06,-25.4332,31.9548,68.0,89,41,3.49
552,Tarakan,ID,2021-04-15 19:14:06,3.3,117.6333,78.8,89,75,2.3
553,Zhigalovo,RU,2021-04-15 19:14:07,54.8097,105.1578,22.51,95,88,3.65
554,Preobrazheniye,RU,2021-04-15 19:14:07,42.9019,133.9064,40.37,94,100,2.21
555,Olinda,BR,2021-04-15 19:14:07,-8.0089,-34.8553,75.2,88,75,5.75
556,Bud,US,2021-04-15 19:14:08,39.447,-86.1758,53.01,57,83,4.0
557,Vanavara,RU,2021-04-15 19:10:05,60.34,102.2797,29.39,94,100,16.98
558,Valle De Allende,MX,2021-04-15 19:14:08,26.9333,-105.4,85.75,5,43,3.69
559,Fort Nelson,CA,2021-04-15 19:14:09,58.8053,-122.7002,48.2,46,75,4.61
560,Petropavlovsk-Kamchatskiy,RU,2021-04-15 19:14:09,53.0452,158.6483,32.0,100,90,5.77
561,Hendersonville,US,2021-04-15 19:10:47,36.3048,-86.62,61.0,39,6,3.0
562,Nalhati,IN,2021-04-15 19:14:10,24.3,87.8167,83.25,21,51,7.9
563,Channel-Port Aux Basques,CA,2021-04-15 19:14:10,47.5702,-59.1367,38.93,70,100,7.31
564,Kristiinankaupunki,FI,2021-04-15 19:14:10,62.2743,21.376,35.64,77,0,4.54
565,Puerto Del Rosario,ES,2021-04-15 19:14:11,28.5004,-13.8627,71.6,56,40,17.27
